Month,Stage,Opening Balance,Tuition & Fees,Living Expenses,Summer Earnings,Stipend / Reimbursement,Electives / Travel,CaRMS Fees,Exam / LMCC / Licensing,Residency / College Fee,Residency Repayment,Interest Added,Closing Balance
2026-09,Undergrad Year 1,0.0,7457.7,2000.0,0.0,0.0,0.0,0.0,0.0,0.0,0.0,31.23,9488.93
2026-10,Undergrad Year 1,9488.93,0.0,2000.0,0.0,0.0,0.0,0.0,0.0,0.0,0.0,40.08,11529.01
2026-11,Undergrad Year 1,11529.01,0.0,2000.0,0.0,0.0,0.0,0.0,0.0,0.0,0.0,46.15,13575.16
2026-12,Undergrad Year 1,13575.16,0.0,2000.0,0.0,0.0,0.0,0.0,0.0,0.0,0.0,55.55,15630.71
2027-01,Undergrad Year 1,15630.71,0.0,2000.0,0.0,0.0,0.0,0.0,0.0,0.0,0.0,63.33,17694.04
2027-02,Undergrad Year 1,17694.04,0.0,2000.0,0.0,0.0,0.0,0.0,0.0,0.0,0.0,63.92,19757.96
2027-03,Undergrad Year 1,19757.96,0.0,2000.0,0.0,0.0,0.0,0.0,0.0,0.0,0.0,78.96,21836.92
2027-04,Undergrad Year 1,21836.92,0.0,2000.0,0.0,0.0,0.0,0.0,0.0,0.0,0.0,83.92,23920.83
2027-05,Undergrad Year 1,23920.83,0.0,2000.0,-2500.0,0.0,0.0,0.0,0.0,0.0,0.0,93.5,23514.33
2027-06,Undergrad Year 1,23514.33,0.0,2000.0,-2500.0,0.0,0.0,0.0,0.0,0.0,0.0,89.15,23103.48
2027-07,Undergrad Year 1,23103.48,0.0,2000.0,-2500.0,0.0,0.0,0.0,0.0,0.0,0.0,90.41,22693.89
2027-08,Undergrad Year 1,22693.89,0.0,2000.0,-2500.0,0.0,0.0,0.0,0.0,0.0,0.0,88.86,22282.75
2027-09,Undergrad Year 2,22282.75,7344.92,2000.0,0.0,0.0,0.0,0.0,0.0,0.0,0.0,112.46,31740.13
2027-10,Undergrad Year 2,31740.13,0.0,2000.0,0.0,0.0,0.0,0.0,0.0,0.0,0.0,124.33,33864.46
2027-11,Undergrad Year 2,33864.46,0.0,2000.0,0.0,0.0,0.0,0.0,0.0,0.0,0.0,127.98,35992.44
2027-12,Undergrad Year 2,35992.44,0.0,2000.0,0.0,0.0,0.0,0.0,0.0,0.0,0.0,140.43,38132.87
2028-01,Undergrad Year 2,38132.87,0.0,2000.0,0.0,0.0,0.0,0.0,0.0,0.0,0.0,148.53,40281.41
2028-02,Undergrad Year 2,40281.41,0.0,2000.0,0.0,0.0,0.0,0.0,0.0,0.0,0.0,146.32,42427.73
2028-03,Undergrad Year 2,42427.73,0.0,2000.0,0.0,0.0,0.0,0.0,0.0,0.0,0.0,164.8,44592.53
2028-04,Undergrad Year 2,44592.53,0.0,2000.0,0.0,0.0,0.0,0.0,0.0,0.0,0.0,167.29,46759.82
2028-05,Undergrad Year 2,46759.82,0.0,2000.0,-2500.0,0.0,0.0,0.0,0.0,0.0,0.0,179.98,46439.8
2028-06,Undergrad Year 2,46439.8,0.0,2000.0,-2500.0,0.0,0.0,0.0,0.0,0.0,0.0,173.15,46112.95
2028-07,Undergrad Year 2,46112.95,0.0,2000.0,-2500.0,0.0,0.0,0.0,0.0,0.0,0.0,177.53,45790.48
2028-08,Undergrad Year 2,45790.48,0.0,2000.0,-2500.0,0.0,0.0,0.0,0.0,0.0,0.0,176.31,45466.79
2028-09,Undergrad Year 3,45466.79,7304.36,2000.0,0.0,0.0,0.0,0.0,0.0,0.0,0.0,197.26,54968.4
2028-10,Undergrad Year 3,54968.4,0.0,2000.0,0.0,0.0,0.0,0.0,0.0,0.0,0.0,212.28,57180.68
2028-11,Undergrad Year 3,57180.68,0.0,2000.0,0.0,0.0,0.0,0.0,0.0,0.0,0.0,213.42,59394.1
2028-12,Undergrad Year 3,59394.1,0.0,2000.0,0.0,0.0,0.0,0.0,0.0,0.0,0.0,229.04,61623.14
2029-01,Undergrad Year 3,61623.14,0.0,2000.0,0.0,0.0,0.0,0.0,0.0,0.0,0.0,237.48,63860.61
2029-02,Undergrad Year 3,63860.61,0.0,2000.0,0.0,0.0,0.0,0.0,0.0,0.0,0.0,221.78,66082.39
2029-03,Undergrad Year 3,66082.39,0.0,2000.0,0.0,0.0,0.0,0.0,0.0,0.0,0.0,254.36,68336.75
2029-04,Undergrad Year 3,68336.75,0.0,2000.0,0.0,0.0,0.0,0.0,0.0,0.0,0.0,254.29,70591.04
2029-05,Undergrad Year 3,70591.04,0.0,2000.0,-2500.0,0.0,0.0,0.0,0.0,0.0,0.0,270.21,70361.26
2029-06,Undergrad Year 3,70361.26,0.0,2000.0,-2500.0,0.0,0.0,0.0,0.0,0.0,0.0,260.79,70122.05
2029-07,Undergrad Year 3,70122.05,0.0,2000.0,-2500.0,0.0,0.0,0.0,0.0,0.0,0.0,268.44,69890.49
2029-08,Undergrad Year 3,69890.49,0.0,2000.0,-2500.0,0.0,0.0,0.0,0.0,0.0,0.0,267.56,69658.05
2029-09,Undergrad Year 4,69658.05,6787.35,2000.0,0.0,0.0,0.0,0.0,0.0,0.0,0.0,284.0,78729.4
2029-10,Undergrad Year 4,78729.4,0.0,2000.0,0.0,0.0,0.0,0.0,0.0,0.0,0.0,302.25,81031.65
2029-11,Undergrad Year 4,81031.65,0.0,2000.0,0.0,0.0,0.0,0.0,0.0,0.0,0.0,300.81,83332.46
2029-12,Undergrad Year 4,83332.46,0.0,2000.0,0.0,0.0,0.0,0.0,0.0,0.0,0.0,319.68,85652.13
2030-01,Undergrad Year 4,85652.13,0.0,2000.0,0.0,0.0,0.0,0.0,0.0,0.0,0.0,328.46,87980.59
2030-02,Undergrad Year 4,87980.59,0.0,2000.0,0.0,0.0,0.0,0.0,0.0,0.0,0.0,304.25,90284.84
2030-03,Undergrad Year 4,90284.84,0.0,2000.0,0.0,0.0,0.0,0.0,0.0,0.0,0.0,346.0,92630.85
2030-04,Undergrad Year 4,92630.85,0.0,2000.0,0.0,0.0,0.0,0.0,0.0,0.0,0.0,343.31,94974.15
2030-05,Undergrad Year 4,94974.15,0.0,2000.0,-2500.0,0.0,0.0,0.0,0.0,0.0,0.0,362.54,94836.69
2030-06,Undergrad Year 4,94836.69,0.0,2000.0,-2500.0,0.0,0.0,0.0,0.0,0.0,0.0,350.47,94687.16
2030-07,Undergrad Year 4,94687.16,0.0,2000.0,-2500.0,0.0,0.0,0.0,0.0,0.0,0.0,361.45,94548.61
2030-08,Undergrad Year 4,94548.61,0.0,2000.0,-2500.0,0.0,0.0,0.0,0.0,0.0,0.0,360.93,94409.54
2030-09,MD Year 1,94409.54,24283.62,3500.0,0.0,0.0,0.0,0.0,0.0,0.0,0.0,441.73,122634.88
2030-10,MD Year 1,122634.88,0.0,3500.0,0.0,0.0,0.0,0.0,0.0,0.0,0.0,471.6,126606.49
2030-11,MD Year 1,126606.49,0.0,3500.0,0.0,0.0,0.0,0.0,0.0,0.0,0.0,470.72,130577.21
2030-12,MD Year 1,130577.21,0.0,3500.0,0.0,0.0,0.0,0.0,0.0,0.0,0.0,501.68,134578.88
2031-01,MD Year 1,134578.88,0.0,3500.0,0.0,0.0,0.0,0.0,0.0,0.0,0.0,516.83,138595.71
2031-02,MD Year 1,138595.71,0.0,3500.0,0.0,0.0,0.0,0.0,0.0,0.0,0.0,479.88,142575.59
2031-03,MD Year 1,142575.59,0.0,3500.0,0.0,0.0,0.0,0.0,0.0,0.0,0.0,547.11,146622.7
2031-04,MD Year 1,146622.7,0.0,3500.0,0.0,0.0,0.0,0.0,0.0,0.0,0.0,544.06,150666.76
2031-05,MD Year 1,150666.76,0.0,3500.0,0.0,0.0,0.0,0.0,0.0,0.0,0.0,577.74,154744.5
2031-06,MD Year 1,154744.5,0.0,3500.0,0.0,0.0,0.0,0.0,0.0,0.0,0.0,573.82,158818.32
2031-07,MD Year 1,158818.32,0.0,3500.0,0.0,0.0,0.0,0.0,0.0,0.0,0.0,608.61,162926.92
2031-08,MD Year 1,162926.92,0.0,3500.0,0.0,0.0,0.0,0.0,0.0,0.0,0.0,624.16,167051.09
2031-09,MD Year 2,167051.09,24183.62,3500.0,0.0,0.0,0.0,0.0,0.0,0.0,0.0,707.52,195442.23
2031-10,MD Year 2,195442.23,0.0,3500.0,0.0,0.0,0.0,0.0,0.0,0.0,0.0,747.28,199689.5
2031-11,MD Year 2,199689.5,0.0,3500.0,0.0,0.0,0.0,0.0,0.0,0.0,0.0,738.5,203928.0
2031-12,MD Year 2,203928.0,0.0,3500.0,0.0,0.0,0.0,0.0,0.0,0.0,0.0,779.41,208207.41
2032-01,MD Year 2,208207.41,0.0,3500.0,0.0,0.0,0.0,0.0,0.0,0.0,0.0,795.61,212503.02
2032-02,MD Year 2,212503.02,0.0,3500.0,0.0,0.0,0.0,0.0,0.0,0.0,0.0,759.02,216762.04
2032-03,MD Year 2,216762.04,0.0,3500.0,0.0,0.0,0.0,0.0,0.0,0.0,0.0,828.0,221090.04
2032-04,MD Year 2,221090.04,0.0,3500.0,0.0,0.0,0.0,0.0,0.0,0.0,0.0,816.91,225406.95
2032-05,MD Year 2,225406.95,0.0,3500.0,0.0,0.0,0.0,0.0,0.0,0.0,0.0,860.74,229767.69
2032-06,MD Year 2,229767.69,0.0,3500.0,0.0,0.0,0.0,0.0,0.0,0.0,0.0,848.7,234116.39
2032-07,MD Year 2,234116.39,0.0,3500.0,0.0,0.0,0.0,0.0,0.0,0.0,0.0,893.71,238510.11
2032-08,MD Year 2,238510.11,0.0,3500.0,0.0,0.0,0.0,0.0,0.0,0.0,0.0,910.35,242920.45
2032-09,MD Year 3,242920.45,24183.62,3500.0,0.0,0.0,0.0,0.0,0.0,0.0,0.0,985.5,271589.58
2032-10,MD Year 3,271589.58,0.0,3500.0,0.0,0.0,0.0,0.0,0.0,0.0,0.0,1035.6,276125.18
2032-11,MD Year 3,276125.18,0.0,3500.0,0.0,0.0,0.0,0.0,0.0,0.0,0.0,1018.56,280643.74
2032-12,MD Year 3,280643.74,0.0,3500.0,0.0,0.0,0.0,0.0,0.0,0.0,0.0,1069.88,285213.62
2033-01,MD Year 3,285213.62,0.0,3500.0,0.0,0.0,0.0,0.0,0.0,0.0,0.0,1087.19,289800.81
2033-02,MD Year 3,289800.81,0.0,3500.0,0.0,0.0,0.0,0.0,0.0,0.0,0.0,996.9,294297.71
2033-03,MD Year 3,294297.71,0.0,3500.0,0.0,0.0,0.0,0.0,0.0,0.0,0.0,1121.58,298919.29
2033-04,MD Year 3,298919.29,0.0,3500.0,0.0,0.0,0.0,0.0,0.0,0.0,0.0,1102.08,303521.37
2033-05,MD Year 3,303521.37,0.0,3500.0,0.0,0.0,0.0,0.0,0.0,0.0,0.0,1156.51,308177.87
2033-06,MD Year 3,308177.87,0.0,3500.0,0.0,0.0,0.0,0.0,0.0,0.0,0.0,1136.0,312813.87
2033-07,MD Year 3,312813.87,0.0,3500.0,0.0,0.0,0.0,0.0,0.0,0.0,0.0,1191.69,317505.56
2033-08,MD Year 3,317505.56,0.0,3500.0,0.0,0.0,0.0,0.0,0.0,0.0,0.0,1209.46,322215.02
2033-09,MD Year 4,322215.02,24183.62,3500.0,0.0,0.0,0.0,0.0,0.0,0.0,0.0,1276.04,351174.68
2033-10,MD Year 4,351174.68,0.0,3500.0,0.0,0.0,1000.0,0.0,0.0,0.0,0.0,1339.01,357013.69
2033-11,MD Year 4,357013.69,0.0,3500.0,0.0,0.0,0.0,0.0,0.0,0.0,0.0,1314.93,361828.63
2033-12,MD Year 4,361828.63,0.0,3500.0,0.0,0.0,750.0,0.0,0.0,0.0,0.0,1378.83,367457.46
2034-01,MD Year 4,367457.46,0.0,3500.0,0.0,0.0,0.0,561.44,0.0,0.0,0.0,1399.76,372918.66
2034-02,MD Year 4,372918.66,0.0,3500.0,0.0,0.0,750.0,0.0,0.0,0.0,0.0,1282.39,378451.05
2034-03,MD Year 4,378451.05,0.0,3500.0,0.0,0.0,0.0,0.0,0.0,0.0,0.0,1440.22,383391.27
2034-04,MD Year 4,383391.27,0.0,3500.0,0.0,0.0,0.0,0.0,0.0,0.0,0.0,1411.58,388302.85
2034-05,MD Year 4,388302.85,0.0,3500.0,0.0,0.0,0.0,0.0,1765.0,0.0,0.0,1481.18,395049.03
2034-06,MD Year 4,395049.03,0.0,3500.0,0.0,0.0,0.0,0.0,0.0,0.0,0.0,1454.3,400003.33
2034-07,Residency PGY1,400003.33,0.0,3500.0,0.0,0.0,0.0,0.0,0.0,0.0,-531.27,1521.56,404493.62
2034-08,Residency PGY1,404493.62,0.0,3500.0,0.0,0.0,0.0,0.0,0.0,0.0,-531.27,1538.57,409000.91
2034-09,Residency PGY1,409000.91,0.0,0.0,0.0,0.0,0.0,0.0,0.0,945.0,-531.27,1501.85,410916.5
2034-10,Residency PGY1,410916.5,0.0,0.0,0.0,0.0,0.0,0.0,0.0,0.0,-531.27,1555.62,411940.85
2034-11,Residency PGY1,411940.85,0.0,0.0,0.0,0.0,0.0,0.0,0.0,0.0,-531.27,1509.16,412918.74
2034-12,Residency PGY1,412918.74,0.0,0.0,0.0,0.0,0.0,0.0,0.0,0.0,-531.27,1563.2,413950.67
2035-01,Residency PGY1,413950.67,0.0,0.0,0.0,0.0,0.0,0.0,0.0,0.0,-531.27,1567.11,414986.52
2035-02,Residency PGY1,414986.52,0.0,0.0,0.0,0.0,0.0,0.0,0.0,0.0,-531.27,1418.91,415874.15
2035-03,Residency PGY1,415874.15,0.0,0.0,0.0,0.0,0.0,0.0,0.0,0.0,-531.27,1574.4,416917.28
2035-04,Residency PGY1,416917.28,0.0,0.0,0.0,0.0,0.0,0.0,0.0,0.0,-531.27,1527.39,417913.4
2035-05,Residency PGY1,417913.4,0.0,0.0,0.0,0.0,0.0,0.0,0.0,0.0,-531.27,1582.12,418964.25
2035-06,Residency PGY1,418964.25,0.0,0.0,0.0,0.0,0.0,0.0,0.0,0.0,-531.27,1534.89,419967.87
2035-07,Residency PGY2,419967.87,0.0,0.0,0.0,0.0,0.0,0.0,0.0,0.0,-568.0,1589.88,420989.75
2035-08,Residency PGY2,420989.75,0.0,0.0,0.0,0.0,0.0,0.0,0.0,0.0,-568.0,1593.75,422015.5
2035-09,Residency PGY2,422015.5,0.0,0.0,0.0,0.0,0.0,0.0,0.0,945.0,-568.0,1549.52,423942.02
2035-10,Residency PGY2,423942.02,0.0,0.0,0.0,0.0,0.0,0.0,0.0,0.0,-568.0,1604.93,424978.94
2035-11,Residency PGY2,424978.94,0.0,0.0,0.0,0.0,0.0,0.0,0.0,0.0,-568.0,1556.92,425967.86
2035-12,Residency PGY2,425967.86,0.0,0.0,0.0,0.0,0.0,0.0,0.0,0.0,-568.0,1612.6,427012.46
2036-01,Residency PGY2,427012.46,0.0,0.0,0.0,0.0,0.0,0.0,0.0,0.0,-568.0,1616.55,428061.01
2036-02,Residency PGY2,428061.01,0.0,0.0,0.0,0.0,0.0,0.0,0.0,0.0,-568.0,1515.91,429008.92
2036-03,Residency PGY2,429008.92,0.0,0.0,0.0,0.0,0.0,0.0,0.0,0.0,-568.0,1624.11,430065.03
2036-04,Residency PGY2,430065.03,0.0,0.0,0.0,0.0,0.0,0.0,4478.0,0.0,-568.0,1584.3,435559.32
2036-05,Residency PGY2,435559.32,0.0,0.0,0.0,0.0,0.0,0.0,0.0,0.0,-568.0,1648.91,436640.24
2036-06,Residency PGY2,436640.24,0.0,0.0,0.0,0.0,0.0,0.0,431.25,0.0,-568.0,1600.49,438103.97
